addAgenda,2020-04-25 01:26:41
addAgenda,2020-04-25 01:26:41
getSecure,2020-04-25 01:26:41
getSecure,2020-04-25 01:26:41
printContacts,2020-04-25 01:26:41
printTodoList,2020-04-25 01:26:41
printSchedule,2020-04-25 01:26:41
printNotes,2020-04-25 01:26:41
getSecure,2020-04-25 01:26:41
printContacts,2020-04-25 01:26:41
printTodoList,2020-04-25 01:26:41
printSchedule,2020-04-25 01:26:41
printNotes,2020-04-25 01:26:41
getSecure,2020-04-25 01:26:41
getSecure,2020-04-25 01:26:41
requestAccess,2020-04-25 01:26:41
getSecure,2020-04-25 01:26:47
requestAccess,2020-04-25 01:26:47
getSecure,2020-04-25 01:26:49
getSecure,2020-04-25 01:26:49
addAgenda,2020-04-25 01:27:23
addAgenda,2020-04-25 01:27:23
getSecure,2020-04-25 01:27:23
getSecure,2020-04-25 01:27:23
printContacts,2020-04-25 01:27:23
printTodoList,2020-04-25 01:27:23
printSchedule,2020-04-25 01:27:23
printNotes,2020-04-25 01:27:23
getSecure,2020-04-25 01:27:23
printContacts,2020-04-25 01:27:23
printTodoList,2020-04-25 01:27:23
printSchedule,2020-04-25 01:27:23
printNotes,2020-04-25 01:27:23
getSecure,2020-04-25 01:27:23
printContacts,2020-04-25 01:27:53
printTodoList,2020-04-25 01:27:53
printSchedule,2020-04-25 01:27:53
printScheduledTasksAfter,2020-04-25 01:27:53
printScheduledTasksBefore,2020-04-25 01:27:53
printScheduledTasksBetween,2020-04-25 01:27:53
printSchedule,2020-04-25 01:27:53
printNotes,2020-04-25 01:27:53
getSecure,2020-04-25 01:27:53
requestAccess,2020-04-25 01:27:53
printContacts,2020-04-25 01:27:57
printContacts,2020-04-25 01:27:57
printSchedule,2020-04-25 01:27:57
printSchedule,2020-04-25 01:27:57
getSecure,2020-04-25 01:27:57
requestAccess,2020-04-25 01:27:57
addAgenda,2020-04-25 01:28:01
addAgenda,2020-04-25 01:28:01
printAgendas,2020-04-25 01:28:01
addAgenda,2020-04-25 01:31:09
addAgenda,2020-04-25 01:31:09
addAgenda,2020-04-25 01:31:09
getSecure,2020-04-25 01:31:09
getSecure,2020-04-25 01:31:09
getSecure,2020-04-25 01:31:09
getSecure,2020-04-25 01:31:09
getSecure,2020-04-25 01:31:09
addAgenda,2020-04-25 01:34:44
addAgenda,2020-04-25 01:34:44
getSecure,2020-04-25 01:34:44
getSecure,2020-04-25 01:34:44
printContacts,2020-04-25 01:34:44
printTodoList,2020-04-25 01:34:44
printSchedule,2020-04-25 01:34:44
printNotes,2020-04-25 01:34:44
getSecure,2020-04-25 01:34:44
printContacts,2020-04-25 01:34:44
printTodoList,2020-04-25 01:34:44
printSchedule,2020-04-25 01:34:44
printNotes,2020-04-25 01:34:44
getSecure,2020-04-25 01:34:44
getSecure,2020-04-25 01:34:44
requestAccess,2020-04-25 01:34:44
getSecure,2020-04-25 01:34:48
requestAccess,2020-04-25 01:34:48
addAgenda,2020-04-25 01:34:49
getSecure,2020-04-25 01:34:49
getSecure,2020-04-25 01:34:49
getSecure,2020-04-25 01:34:49
addAgenda,2020-04-25 01:39:16
addAgenda,2020-04-25 01:39:16
getSecure,2020-04-25 01:39:16
getSecure,2020-04-25 01:39:16
printContacts,2020-04-25 01:39:16
printTodoList,2020-04-25 01:39:16
printSchedule,2020-04-25 01:39:16
printNotes,2020-04-25 01:39:16
getSecure,2020-04-25 01:39:16
printContacts,2020-04-25 01:39:16
printTodoList,2020-04-25 01:39:16
printSchedule,2020-04-25 01:39:16
printNotes,2020-04-25 01:39:16
getSecure,2020-04-25 01:39:16
getSecure,2020-04-25 01:39:16
requestAccess,2020-04-25 01:39:16
getSecure,2020-04-25 01:39:20
requestAccess,2020-04-25 01:39:20
addAgenda,2020-04-25 01:39:22
getSecure,2020-04-25 01:39:22
getSecure,2020-04-25 01:39:22
getSecure,2020-04-25 01:39:22
addAgenda,2020-04-25 01:40:07
addAgenda,2020-04-25 01:40:07
getSecure,2020-04-25 01:40:07
getSecure,2020-04-25 01:40:07
printContacts,2020-04-25 01:40:07
printTodoList,2020-04-25 01:40:08
printSchedule,2020-04-25 01:40:08
printNotes,2020-04-25 01:40:08
getSecure,2020-04-25 01:40:08
printContacts,2020-04-25 01:40:08
printTodoList,2020-04-25 01:40:08
printSchedule,2020-04-25 01:40:08
printNotes,2020-04-25 01:40:08
getSecure,2020-04-25 01:40:08
addAgenda,2020-04-25 01:40:28
addAgenda,2020-04-25 01:40:28
getSecure,2020-04-25 01:40:28
getSecure,2020-04-25 01:40:28
printContacts,2020-04-25 01:40:28
printTodoList,2020-04-25 01:40:28
printSchedule,2020-04-25 01:40:28
printNotes,2020-04-25 01:40:28
getSecure,2020-04-25 01:40:28
printContacts,2020-04-25 01:40:28
printTodoList,2020-04-25 01:40:28
printSchedule,2020-04-25 01:40:28
printNotes,2020-04-25 01:40:28
getSecure,2020-04-25 01:40:28
addAgenda,2020-04-25 01:44:06
addAgenda,2020-04-25 01:44:06
getSecure,2020-04-25 01:44:06
getSecure,2020-04-25 01:44:06
printContacts,2020-04-25 01:44:06
printTodoList,2020-04-25 01:44:06
printSchedule,2020-04-25 01:44:06
printNotes,2020-04-25 01:44:06
getSecure,2020-04-25 01:44:06
printContacts,2020-04-25 01:44:06
printTodoList,2020-04-25 01:44:06
printSchedule,2020-04-25 01:44:06
printNotes,2020-04-25 01:44:06
getSecure,2020-04-25 01:44:06
getSecure,2020-04-25 01:44:06
requestAccess,2020-04-25 01:44:06
getSecure,2020-04-25 01:44:09
requestAccess,2020-04-25 01:44:09
addAgenda,2020-04-25 01:44:11
getSecure,2020-04-25 01:44:11
getSecure,2020-04-25 01:44:11
getSecure,2020-04-25 01:44:11
getAgendas,2020-06-05 04:06:57,main
getAgendas,2020-06-05 04:06:57,main
getAgendas,2020-06-05 04:06:57,main
getAgendas,2020-06-05 04:06:57,main
getAgendas,2020-06-05 04:07:00,AWT-EventQueue-0
getAgendas,2020-06-05 04:07:23,AWT-EventQueue-0
getAgendas,2020-06-05 04:10:25,main
getAgendas,2020-06-05 04:10:25,main
getAgendas,2020-06-05 04:10:25,main
getAgendas,2020-06-05 04:10:25,main
getAgendas,2020-06-05 04:10:28,AWT-EventQueue-0
getAgendaContacts,2020-06-05 04:10:41,AWT-EventQueue-0
getAgendaNotes,2020-06-05 04:10:49,AWT-EventQueue-0
getAgendaTodos,2020-06-05 04:10:57,AWT-EventQueue-0
getAgendaEvents,2020-06-05 04:11:05,AWT-EventQueue-0
